Workbook

Sheet Cost_Per_Seedling
A1: Week | B1: Date | C1: Weekly Labor Cost (R) | D1: Qty Seedlings Planted | E1: Cost per Seedling (R) | F1: Status
A2: Week 1 | B2: 2024-01-01 | C2: 9116.11 | D2: 4132 | E2: =C2/D2 | F2: =IF(E2<=2.5,"GREEN",IF(E2<=3.5,"ORANGE","RED"))
A3: Week 2 | B3: 2024-01-08 | C3: 9741.05 | D3: 3073 | E3: =C3/D3 | F3: =IF(E3<=2.5,"GREEN",IF(E3<=3.5,"ORANGE","RED"))
A4: Week 3 | B4: 2024-01-15 | C4: 13858.02 | D4: 3560 | E4: =C4/D4 | F4: =IF(E4<=2.5,"GREEN",IF(E4<=3.5,"ORANGE","RED"))
A5: Week 4 | B5: 2024-01-22 | C5: 9150.63 | D5: 4491 | E5: =C5/D5 | F5: =IF(E5<=2.5,"GREEN",IF(E5<=3.5,"ORANGE","RED"))
A6: Week 5 | B6: 2024-01-29 | C6: 8782.81 | D6: 3612 | E6: =C6/D6 | F6: =IF(E6<=2.5,"GREEN",IF(E6<=3.5,"ORANGE","RED"))
A7: Week 6 | B7: 2024-02-05 | C7: 9357.75 | D7: 4086 | E7: =C7/D7 | F7: =IF(E7<=2.5,"GREEN",IF(E7<=3.5,"ORANGE","RED"))
A8: Week 7 | B8: 2024-02-12 | C8: 13482.84 | D8: 3188 | E8: =C8/D8 | F8: =IF(E8<=2.5,"GREEN",IF(E8<=3.5,"ORANGE","RED"))
A9: Week 8 | B9: 2024-02-19 | C9: 10768.65 | D9: 5019 | E9: =C9/D9 | F9: =IF(E9<=2.5,"GREEN",IF(E9<=3.5,"ORANGE","RED"))
A10: Week 9 | B10: 2024-02-26 | C10: 11007.01 | D10: 5613 | E10: =C10/D10 | F10: =IF(E10<=2.5,"GREEN",IF(E10<=3.5,"ORANGE","RED"))
A11: Week 10 | B11: 2024-03-04 | C11: 9526.78 | D11: 5319 | E11: =C11/D11 | F11: =IF(E11<=2.5,"GREEN",IF(E11<=3.5,"ORANGE","RED"))
A12: Week 11 | B12: 2024-03-11 | C12: 12282.32 | D12: 4478 | E12: =C12/D12 | F12: =IF(E12<=2.5,"GREEN",IF(E12<=3.5,"ORANGE","RED"))
A13: Week 12 | B13: 2024-03-18 | C13: 12619.24 | D13: 5744 | E13: =C13/D13 | F13: =IF(E13<=2.5,"GREEN",IF(E13<=3.5,"ORANGE","RED"))

Sheet Planting_Programme
A1: Week | B1: Planned Date | C1: Actual Date | D1: Weeks Behind | E1: Status
A2: Week 1 | B2: 2024-01-01 | C2: 2024-01-01 | D2: 0 | E2: =IF(D2=0,"GREEN",IF(D2<=1,"ORANGE","RED"))
A3: Week 2 | B3: 2024-01-08 | C3: 2024-01-08 | D3: 0 | E3: =IF(D3=0,"GREEN",IF(D3<=1,"ORANGE","RED"))
A4: Week 3 | B4: 2024-01-15 | C4: 2024-01-22 | D4: 1 | E4: =IF(D4=0,"GREEN",IF(D4<=1,"ORANGE","RED"))
A5: Week 4 | B5: 2024-01-22 | C5: 2024-01-22 | D5: 0 | E5: =IF(D5=0,"GREEN",IF(D5<=1,"ORANGE","RED"))
A6: Week 5 | B6: 2024-01-29 | C6: 2024-02-12 | D6: 2 | E6: =IF(D6=0,"GREEN",IF(D6<=1,"ORANGE","RED"))
A7: Week 6 | B7: 2024-02-05 | C7: 2024-02-26 | D7: 3 | E7: =IF(D7=0,"GREEN",IF(D7<=1,"ORANGE","RED"))
A8: Week 7 | B8: 2024-02-12 | C8: 2024-02-19 | D8: 1 | E8: =IF(D8=0,"GREEN",IF(D8<=1,"ORANGE","RED"))
A9: Week 8 | B9: 2024-02-19 | C9: 2024-02-19 | D9: 0 | E9: =IF(D9=0,"GREEN",IF(D9<=1,"ORANGE","RED"))
A10: Week 9 | B10: 2024-02-26 | C10: 2024-03-25 | D10: 4 | E10: =IF(D10=0,"GREEN",IF(D10<=1,"ORANGE","RED"))
A11: Week 10 | B11: 2024-03-04 | C11: 2024-03-04 | D11: 0 | E11: =IF(D11=0,"GREEN",IF(D11<=1,"ORANGE","RED"))
A12: Week 11 | B12: 2024-03-11 | C12: 2024-03-18 | D12: 1 | E12: =IF(D12=0,"GREEN",IF(D12<=1,"ORANGE","RED"))
A13: Week 12 | B13: 2024-03-18 | C13: 2024-04-01 | D13: 2 | E13: =IF(D13=0,"GREEN",IF(D13<=1,"ORANGE","RED"))

Sheet Actual_vs_Target
A1: Week | B1: Date | C1: Target Qty | D1: Actual Qty | E1: Achievement (%) | F1: Status
A2: Week 1 | B2: 2024-01-01 | C2: 5000 | D2: 4750 | E2: =D2/C2*100 | F2: =IF(E2>=90,"GREEN",IF(E2>=75,"ORANGE","RED"))
A3: Week 2 | B3: 2024-01-08 | C3: 5000 | D3: 5100 | E3: =D3/C3*100 | F3: =IF(E3>=90,"GREEN",IF(E3>=75,"ORANGE","RED"))
A4: Week 3 | B4: 2024-01-15 | C4: 5000 | D4: 3900 | E4: =D4/C4*100 | F4: =IF(E4>=90,"GREEN",IF(E4>=75,"ORANGE","RED"))
A5: Week 4 | B5: 2024-01-22 | C5: 5000 | D5: 4400 | E5: =D5/C5*100 | F5: =IF(E5>=90,"GREEN",IF(E5>=75,"ORANGE","RED"))
A6: Week 5 | B6: 2024-01-29 | C6: 5000 | D6: 3250 | E6: =D6/C6*100 | F6: =IF(E6>=90,"GREEN",IF(E6>=75,"ORANGE","RED"))
A7: Week 6 | B7: 2024-02-05 | C7: 5000 | D7: 5500 | E7: =D7/C7*100 | F7: =IF(E7>=90,"GREEN",IF(E7>=75,"ORANGE","RED"))
A8: Week 7 | B8: 2024-02-12 | C8: 5000 | D8: 4650 | E8: =D8/C8*100 | F8: =IF(E8>=90,"GREEN",IF(E8>=75,"ORANGE","RED"))
A9: Week 8 | B9: 2024-02-19 | C9: 5000 | D9: 4250 | E9: =D9/C9*100 | F9: =IF(E9>=90,"GREEN",IF(E9>=75,"ORANGE","RED"))
A10: Week 9 | B10: 2024-02-26 | C10: 5000 | D10: 3600 | E10: =D10/C10*100 | F10: =IF(E10>=90,"GREEN",IF(E10>=75,"ORANGE","RED"))
A11: Week 10 | B11: 2024-03-04 | C11: 5000 | D11: 4950 | E11: =D11/C11*100 | F11: =IF(E11>=90,"GREEN",IF(E11>=75,"ORANGE","RED"))
A12: Week 11 | B12: 2024-03-11 | C12: 5000 | D12: 4400 | E12: =D12/C12*100 | F12: =IF(E12>=90,"GREEN",IF(E12>=75,"ORANGE","RED"))
A13: Week 12 | B13: 2024-03-18 | C13: 5000 | D13: 5200 | E13: =D13/C13*100 | F13: =IF(E13>=90,"GREEN",IF(E13>=75,"ORANGE","RED"))

Sheet Dashboard_Summary
A1: PLANTING KPI DASHBOARD
A3: KPI | B3: Latest Value | C3: Status
A4: Cost per Seedling (latest week) | B4: =Cost_Per_Seedling!E13 | C4: =Cost_Per_Seedling!F13
A5: Weeks Behind Programme (latest) | B5: =Planting_Programme!D13 | C5: =Planting_Programme!E13
A6: Achievement % (latest week) | B6: =Actual_vs_Target!E13 | C6: =Actual_vs_Target!F13
A8: ALERT THRESHOLDS
A9: Cost per Seedling: GREEN <= R2.50 | ORANGE <= R3.50 | RED > R3.50
A10: Planting Programme: GREEN = on time | ORANGE = 1 week behind | RED = 2+ weeks behind
A11: Achievement %: GREEN >= 90% | ORANGE >= 75% | RED < 75%
